{"cameraMode":{"drawMode":0,"name":"Shaded","section":"Shading Mode"},"sceneLighting":true,"audioPlay":false,"sceneViewState":{"showFog":true,"showMaterialUpdate":true,"showSkybox":true,"showFlares":true,"showImageEffects":true,"showParticleSystems":true},"in2DMode":false,"pivot":{"x":-4.66848611831665,"y":-1.7279586791992188,"z":-8.505884170532227},"rotation":{"x":0.07954920083284378,"y":-0.91771000623703,"z":0.30973097681999209,"w":0.2356967180967331},"size":963.6185302734375,"orthographic":false}