{"cameraMode":{"drawMode":0,"name":"Shaded","section":"Shading Mode"},"sceneLighting":true,"audioPlay":false,"sceneViewState":{"showFog":true,"showMaterialUpdate":true,"showSkybox":true,"showFlares":true,"showImageEffects":true,"showParticleSystems":true},"in2DMode":false,"pivot":{"x":-4.66848611831665,"y":-1.7279586791992188,"z":-8.505884170532227},"rotation":{"x":0.20943494141101838,"y":-0.7075287699699402,"z":0.2340744286775589,"w":0.633049726486206},"size":7.531435966491699,"orthographic":false}