{"cameraMode":{"drawMode":0,"name":"Shaded","section":"Shading Mode"},"sceneLighting":false,"audioPlay":false,"sceneViewState":{"showFog":true,"showMaterialUpdate":false,"showSkybox":true,"showFlares":true,"showImageEffects":true,"showParticleSystems":true},"in2DMode":false,"pivot":{"x":11.026205062866211,"y":13.320355415344239,"z":-29.130674362182618},"rotation":{"x":-0.06181950494647026,"y":0.9316350817680359,"z":-0.30389225482940676,"w":-0.18953076004981996},"size":7.442737102508545,"orthographic":false}