{"cameraMode":{"drawMode":0,"name":"Shaded","section":"Shading Mode"},"sceneLighting":false,"audioPlay":false,"sceneViewState":{"showFog":true,"showMaterialUpdate":false,"showSkybox":true,"showFlares":true,"showImageEffects":true,"showParticleSystems":true},"in2DMode":false,"pivot":{"x":14.105436325073243,"y":13.837666511535645,"z":-30.69448471069336},"rotation":{"x":0.26558470726013186,"y":0.0014414966572076083,"z":-0.00039805908454582095,"w":0.964090883731842},"size":7.683013916015625,"orthographic":false}