{"cameraMode":{"drawMode":0,"name":"Shaded","section":"Shading Mode"},"sceneLighting":true,"audioPlay":false,"sceneViewState":{"showFog":true,"showMaterialUpdate":true,"showSkybox":true,"showFlares":true,"showImageEffects":true,"showParticleSystems":true},"in2DMode":false,"pivot":{"x":3.8755269050598146,"y":13.18383502960205,"z":-31.337148666381837},"rotation":{"x":-0.018580971285700799,"y":0.9798365235328674,"z":-0.16617773473262788,"w":-0.10951241105794907},"size":5.175992012023926,"orthographic":false}