{"cameraMode":{"drawMode":0,"name":"Shaded","section":"Shading Mode"},"sceneLighting":false,"audioPlay":false,"sceneViewState":{"showFog":true,"showMaterialUpdate":false,"showSkybox":true,"showFlares":true,"showImageEffects":true,"showParticleSystems":true},"in2DMode":false,"pivot":{"x":14.144705772399903,"y":13.754717826843262,"z":-30.589012145996095},"rotation":{"x":0.20416340231895448,"y":0.7218872308731079,"z":-0.23907367885112763,"w":0.616478681564331},"size":4.932598114013672,"orthographic":false}