{"cameraMode":{"drawMode":0,"name":"Shaded","section":"Shading Mode"},"sceneLighting":false,"audioPlay":false,"sceneViewState":{"showFog":true,"showMaterialUpdate":false,"showSkybox":true,"showFlares":true,"showImageEffects":true,"showParticleSystems":true},"in2DMode":false,"pivot":{"x":12.077573776245118,"y":13.343024253845215,"z":-31.186588287353517},"rotation":{"x":-0.10528072714805603,"y":0.8390234112739563,"z":-0.17515887320041657,"w":-0.5043039321899414},"size":7.620579242706299,"orthographic":false}